{
  "US_totals": {
    "total_households": 125776684.0,
    "total_medicaid": 49900000.0,
    "total_kids": 25510100.0,
    "snap_households": 15619182.0,
    "snap_percent": 53.67315977852893,
    "veteran_population": 17615006.0,
    "farm_producers": 3372485.0,
    "total_farms": 1899650.0
  },
  "states": {
    "AK": {
      "total_households": 271311.0,
      "total_medicaid": 118400.0,
      "total_kids": 59700.0,
      "snap_households": 28273.0,
      "snap_percent": 0.1042088230849468,
      "veteran_population": 62744.0,
      "farm_producers": 2045.0,
      "total_farms": 1173.0
    },
    "AL": {
      "total_households": 1967559.0,
      "total_medicaid": 711100.0,
      "total_kids": 482100.0,
      "snap_households": 277305.0,
      "snap_percent": 0.9887471358066845,
      "veteran_population": 343000.0,
      "farm_producers": 62777.0,
      "total_farms": 37362.0
    },
    "AR": {
      "total_households": 580148.0,
      "total_medicaid": 576200.0,
      "total_kids": 318700.0,
      "snap_households": 79572.0,
      "snap_percent": 0.2744183711535658,
      "veteran_population": 203085.0,
      "farm_producers": 67425.0,
      "total_farms": 37756.0
    },
    "AS": {
      "total_households": 0.0,
      "total_medicaid": 0.0,
      "total_kids": 0.0,
      "snap_households": 0.0,
      "snap_percent": 0.0,
      "veteran_population": 0.0,
      "farm_producers": 0.0,
      "total_farms": 0.0
    },
    "AZ": {
      "total_households": 2533063.0,
      "total_medicaid": 901500.0,
      "total_kids": 431200.0,
      "snap_households": 252314.0,
      "snap_percent": 0.8156731486210689,
      "veteran_population": 429242.0,
      "farm_producers": 27698.0,
      "total_farms": 15969.0
    },
    "CA": {
      "total_households": 13429063.0,
      "total_medicaid": 7877200.0,
      "total_kids": 3383800.0,
      "snap_households": 1611374.0,
      "snap_percent": 6.401483420357156,
      "veteran_population": 1474930.0,
      "farm_producers": 119923.0,
      "total_farms": 63134.0
    },
    "CO": {
      "total_households": 2313042.0,
      "total_medicaid": 793600.0,
      "total_kids": 374100.0,
      "snap_households": 193909.0,
      "snap_percent": 0.6712437593673829,
      "veteran_population": 368109.0,
      "farm_producers": 67852.0,
      "total_farms": 36056.0
    },
    "CT": {
      "total_households": 1428313.0,
      "total_medicaid": 570600.0,
      "total_kids": 245500.0,
      "snap_households": 166847.0,
      "snap_percent": 0.5829774314825351,
      "veteran_population": 152198.0,
      "farm_producers": 9374.0,
      "total_farms": 5058.0
    },
    "DC": {
      "total_households": 0.0,
      "total_medicaid": 0.0,
      "total_kids": 0.0,
      "snap_households": 0.0,
      "snap_percent": 0.0,
      "veteran_population": 0.0,
      "farm_producers": 0.0,
      "total_farms": 0.0
    },
    "DE": {
      "total_households": 395656.0,
      "total_medicaid": 152600.0,
      "total_kids": 73300.0,
      "snap_households": 41430.0,
      "snap_percent": 0.1047121742119417,
      "veteran_population": 0.0,
      "farm_producers": 3812.0,
      "total_farms": 2158.0
    },
    "FL": {
      "total_households": 8565329.0,
      "total_medicaid": 2652100.0,
      "total_kids": 1633200.0,
      "snap_households": 1207846.0,
      "snap_percent": 4.035335121261375,
      "veteran_population": 1412963.0,
      "farm_producers": 79253.0,
      "total_farms": 44703.0
    },
    "GA": {
      "total_households": 4001109.0,
      "total_medicaid": 1416000.0,
      "total_kids": 971000.0,
      "snap_households": 496199.0,
      "snap_percent": 1.7309867415797868,
      "veteran_population": 662380.0,
      "farm_producers": 67082.0,
      "total_farms": 39264.0
    },
    "GU": {
      "total_households": 0.0,
      "total_medicaid": 0.0,
      "total_kids": 0.0,
      "snap_households": 0.0,
      "snap_percent": 0.0,
      "veteran_population": 0.0,
      "farm_producers": 0.0,
      "total_farms": 0.0
    },
    "HI": {
      "total_households": 490080.0,
      "total_medicaid": 191900.0,
      "total_kids": 85700.0,
      "snap_households": 61855.0,
      "snap_percent": 0.254340561665644,
      "veteran_population": 111345.0,
      "farm_producers": 11833.0,
      "total_farms": 6569.0
    },
    "IA": {
      "total_households": 1300467.0,
      "total_medicaid": 446000.0,
      "total_kids": 233800.0,
      "snap_households": 127927.0,
      "snap_percent": 0.3935281893778331,
      "veteran_population": 181635.0,
      "farm_producers": 153680.0,
      "total_farms": 86911.0
    },
    "ID": {
      "total_households": 693882.0,
      "total_medicaid": 250200.0,
      "total_kids": 137300.0,
      "snap_households": 58148.0,
      "snap_percent": 0.16781157731924248,
      "veteran_population": 122283.0,
      "farm_producers": 43333.0,
      "total_farms": 22877.0
    },
    "IL": {
      "total_households": 4991641.0,
      "total_medicaid": 1848700.0,
      "total_kids": 901500.0,
      "snap_households": 703195.0,
      "snap_percent": 2.397432205346691,
      "veteran_population": 621231.0,
      "farm_producers": 121342.0,
      "total_farms": 71123.0
    },
    "IN": {
      "total_households": 2680694.0,
      "total_medicaid": 1056700.0,
      "total_kids": 534900.0,
      "snap_households": 251507.0,
      "snap_percent": 0.8415741514211831,
      "veteran_population": 371367.0,
      "farm_producers": 94282.0,
      "total_farms": 53599.0
    },
    "KS": {
      "total_households": 1159026.0,
      "total_medicaid": 283900.0,
      "total_kids": 188400.0,
      "snap_households": 85015.0,
      "snap_percent": 0.2947584886468035,
      "veteran_population": 181272.0,
      "farm_producers": 100655.0,
      "total_farms": 55734.0
    },
    "KY": {
      "total_households": 1785682.0,
      "total_medicaid": 939300.0,
      "total_kids": 434900.0,
      "snap_households": 254134.0,
      "snap_percent": 0.8599540853049297,
      "veteran_population": 262159.0,
      "farm_producers": 119132.0,
      "total_farms": 69425.0
    },
    "LA": {
      "total_households": 1783924.0,
      "total_medicaid": 1086900.0,
      "total_kids": 539700.0,
      "snap_households": 339324.0,
      "snap_percent": 1.144661803193596,
      "veteran_population": 257381.0,
      "farm_producers": 42551.0,
      "total_farms": 25006.0
    },
    "MA": {
      "total_households": 2759018.0,
      "total_medicaid": 1099900.0,
      "total_kids": 411800.0,
      "snap_households": 402694.0,
      "snap_percent": 1.3150326017850265,
      "veteran_population": 273932.0,
      "farm_producers": 13284.0,
      "total_farms": 7083.0
    },
    "MD": {
      "total_households": 2355652.0,
      "total_medicaid": 839100.0,
      "total_kids": 405700.0,
      "snap_households": 297705.0,
      "snap_percent": 0.9987051177019777,
      "veteran_population": 360097.0,
      "farm_producers": 23507.0,
      "total_farms": 12550.0
    },
    "ME": {
      "total_households": 593626.0,
      "total_medicaid": 184100.0,
      "total_kids": 77600.0,
      "snap_households": 68159.0,
      "snap_percent": 0.2290817512593386,
      "veteran_population": 106834.0,
      "farm_producers": 13053.0,
      "total_farms": 7036.0
    },
    "MI": {
      "total_households": 4051798.0,
      "total_medicaid": 1661900.0,
      "total_kids": 704200.0,
      "snap_households": 543678.0,
      "snap_percent": 1.7508349016021423,
      "veteran_population": 499735.0,
      "farm_producers": 80473.0,
      "total_farms": 45581.0
    },
    "MN": {
      "total_households": 2281033.0,
      "total_medicaid": 763900.0,
      "total_kids": 348300.0,
      "snap_households": 179409.0,
      "snap_percent": 0.6228371949977285,
      "veteran_population": 295704.0,
      "farm_producers": 114868.0,
      "total_farms": 65531.0
    },
    "MO": {
      "total_households": 2468726.0,
      "total_medicaid": 790500.0,
      "total_kids": 459700.0,